"統計期","公私立別","性別","高等學校/總計[人]","高等學校/大學校院[人]","高等學校/專科學校[人]","中等學校/總計[人]","中等學校/高級中學[人]","中等學校/職業學校[人]","中等學校/國民中學[人]","國民小學[人]","幼兒園[人]","特殊教育[人]"
"57學年","總計","總計",11110,7061,4049,35541,9369,6949,19223,40082,13735,216
"57學年","總計","男",0,0,0,0,0,0,0,21156,0,0
"57學年","總計","女",0,0,0,0,0,0,0,18926,0,0
"57學年","國立","總計",4507,4507,0,1095,1095,0,0,0,0,0
"57學年","國立","男",0,0,0,0,0,0,0,0,0,0
"57學年","國立","女",0,0,0,0,0,0,0,0,0,0
"57學年","市立","總計",315,0,315,22158,6111,2255,13792,38393,0,216
"57學年","市立","男",0,0,0,0,0,0,0,0,0,0
"57學年","市立","女",0,0,0,0,0,0,0,0,0,0
"57學年","私立","總計",2310,0,2310,12288,2163,4694,5431,1370,0,0
"57學年","私立","男",0,0,0,0,0,0,0,0,0,0
"57學年","私立","女",0,0,0,0,0,0,0,0,0,0
"58學年","總計","總計",14159,8241,5918,42802,9432,7828,25542,42342,12005,158
"58學年","總計","男",0,0,0,0,0,0,0,22187,0,0
"58學年","總計","女",0,0,0,0,0,0,0,20155,0,0
"58學年","國立","總計",5015,5015,0,1162,1162,0,0,0,0,0
"58學年","國立","男",0,0,0,0,0,0,0,0,0,0
"58學年","國立","女",0,0,0,0,0,0,0,0,0,0
"58學年","市立","總計",473,0,473,26921,5523,2661,18737,40523,0,158
"58學年","市立","男",0,0,0,0,0,0,0,0,0,0
"58學年","市立","女",0,0,0,0,0,0,0,0,0,0
"58學年","私立","總計",6784,3226,3558,14719,2747,5167,6805,1514,0,0
"58學年","私立","男",0,0,0,0,0,0,0,0,0,0
"58學年","私立","女",0,0,0,0,0,0,0,0,0,0
"59學年","總計","總計",13880,8168,5712,53632,11293,9024,33315,45677,13352,198
"59學年","總計","男",0,0,0,0,0,0,0,23559,0,0
"59學年","總計","女",0,0,0,0,0,0,0,22118,0,0
"59學年","國立","總計",5026,5026,0,1308,1308,0,0,0,0,0
"59學年","國立","男",0,0,0,0,0,0,0,0,0,0
"59學年","國立","女",0,0,0,0,0,0,0,0,0,0
"59學年","市立","總計",337,0,337,40482,7040,2261,31181,43482,0,198
"59學年","市立","男",0,0,0,0,0,0,0,0,0,0
"59學年","市立","女",0,0,0,0,0,0,0,0,0,0
"59學年","私立","總計",6599,3142,3457,11842,2945,6763,2134,1889,0,0
"59學年","私立","男",0,0,0,0,0,0,0,0,0,0
"59學年","私立","女",0,0,0,0,0,0,0,0,0,0
"60學年","總計","總計",15394,9052,6342,55530,12042,9879,33609,44073,16480,264
"60學年","總計","男",0,0,0,0,0,0,0,22943,0,0
"60學年","總計","女",0,0,0,0,0,0,0,21130,0,0
"60學年","國立","總計",5539,5539,0,1131,1131,0,0,37,0,0
"60學年","國立","男",0,0,0,0,0,0,0,0,0,0
"60學年","國立","女",0,0,0,0,0,0,0,0,0,0
"60學年","市立","總計",528,0,528,40775,7267,1901,31607,41696,0,264
"60學年","市立","男",0,0,0,0,0,0,0,0,0,0
"60學年","市立","女",0,0,0,0,0,0,0,0,0,0
"60學年","私立","總計",7369,3513,3856,13624,3644,7978,2002,2011,0,0
"60學年","私立","男",0,0,0,0,0,0,0,0,0,0
"60學年","私立","女",0,0,0,0,0,0,0,0,0,0
"61學年","總計","總計",17068,9690,7378,61887,13767,11983,36137,45529,14917,251
"61學年","總計","男",0,0,0,0,0,0,0,23647,0,0
"61學年","總計","女",0,0,0,0,0,0,0,21882,0,0
"61學年","國立","總計",5856,5856,0,1183,1183,0,0,34,0,0
"61學年","國立","男",0,0,0,0,0,0,0,0,0,0
"61學年","國立","女",0,0,0,0,0,0,0,0,0,0
"61學年","市立","總計",824,0,824,43805,7800,2008,33997,42926,0,251
"61學年","市立","男",0,0,0,0,0,0,0,0,0,0
"61學年","市立","女",0,0,0,0,0,0,0,0,0,0
"61學年","私立","總計",8455,3834,4621,16899,4784,9975,2140,2253,0,0
"61學年","私立","男",0,0,0,0,0,0,0,0,0,0
"61學年","私立","女",0,0,0,0,0,0,0,0,0,0
"62學年","總計","總計",18935,10130,8805,63894,14287,11649,37958,45671,14192,255
"62學年","總計","男",0,0,0,0,0,0,0,23758,0,0
"62學年","總計","女",0,0,0,0,0,0,0,21913,0,0
"62學年","國立","總計",5949,5949,0,1338,1338,0,0,50,0,0
"62學年","國立","男",0,0,0,0,0,0,0,0,0,0
"62學年","國立","女",0,0,0,0,0,0,0,0,0,0
"62學年","市立","總計",1255,0,1255,47970,9086,2747,36137,43126,0,255
"62學年","市立","男",0,0,0,0,0,0,0,0,0,0
"62學年","市立","女",0,0,0,0,0,0,0,0,0,0
"62學年","私立","總計",9499,4181,5318,14586,3863,8902,1821,2192,0,0
"62學年","私立","男",0,0,0,0,0,0,0,0,0,0
"62學年","私立","女",0,0,0,0,0,0,0,0,0,0
"63學年","總計","總計",20096,10830,9266,64049,13659,12130,38260,47172,16934,290
"63學年","總計","男",0,0,0,0,0,0,0,24377,0,0
"63學年","總計","女",0,0,0,0,0,0,0,22795,0,0
"63學年","國立","總計",6217,6217,0,1266,1266,0,0,40,0,0
"63學年","國立","男",0,0,0,0,0,0,0,0,0,0
"63學年","國立","女",0,0,0,0,0,0,0,0,0,0
"63學年","市立","總計",870,0,870,47784,8503,2893,36388,44513,0,290
"63學年","市立","男",0,0,0,0,0,0,0,0,0,0
"63學年","市立","女",0,0,0,0,0,0,0,0,0,0
"63學年","私立","總計",10647,4613,6034,14999,3890,9237,1872,2331,0,0
"63學年","私立","男",0,0,0,0,0,0,0,0,0,0
"63學年","私立","女",0,0,0,0,0,0,0,0,0,0
"64學年","總計","總計",21129,11587,9542,68694,13220,14821,40653,47764,17120,285
"64學年","總計","男",0,0,0,0,0,0,0,24698,0,0
"64學年","總計","女",0,0,0,0,0,0,0,23066,0,0
"64學年","國立","總計",6482,6482,0,1185,1185,0,0,45,0,0
"64學年","國立","男",0,0,0,0,0,0,0,0,0,0
"64學年","國立","女",0,0,0,0,0,0,0,0,0,0
"64學年","市立","總計",1196,0,1196,50763,8633,3234,38896,45066,0,285
"64學年","市立","男",0,0,0,0,0,0,0,0,0,0
"64學年","市立","女",0,0,0,0,0,0,0,0,0,0
"64學年","私立","總計",11255,5105,6150,16746,3402,11587,1757,2312,0,0
"64學年","私立","男",0,0,0,0,0,0,0,0,0,0
"64學年","私立","女",0,0,0,0,0,0,0,0,0,0
"65學年","總計","總計",22718,12674,10044,69799,12952,15388,41459,47220,17379,258
"65學年","總計","男",0,0,0,0,0,0,0,24792,0,0
"65學年","總計","女",0,0,0,0,0,0,0,22428,0,0
"65學年","國立","總計",6675,6675,0,1068,1068,0,0,49,0,0
"65學年","國立","男",0,0,0,0,0,0,0,0,0,0
"65學年","國立","女",0,0,0,0,0,0,0,0,0,0
"65學年","市立","總計",1176,0,1176,52245,8909,3601,39735,44655,0,258
"65學年","市立","男",0,0,0,0,0,0,0,0,0,0
"65學年","市立","女",0,0,0,0,0,0,0,0,0,0
"65學年","私立","總計",12699,5999,6700,16486,2975,11787,1724,2271,0,0
"65學年","私立","男",0,0,0,0,0,0,0,0,0,0
"65學年","私立","女",0,0,0,0,0,0,0,0,0,0
"66學年","總計","總計",23595,12867,10728,73177,14256,15600,43321,46060,23106,275
"66學年","總計","男",0,0,0,0,0,0,0,23667,0,0
"66學年","總計","女",0,0,0,0,0,0,0,22393,0,0
"66學年","國立","總計",6721,6721,0,1268,1268,0,0,60,0,0
"66學年","國立","男",0,0,0,0,0,0,0,0,0,0
"66學年","國立","女",0,0,0,0,0,0,0,0,0,0
"66學年","市立","總計",1239,0,1239,54396,9369,3442,41585,43689,1261,275
"66學年","市立","男",0,0,0,0,0,0,0,0,0,0
"66學年","市立","女",0,0,0,0,0,0,0,0,0,0
"66學年","私立","總計",13407,6146,7261,17513,3619,12158,1736,2026,21764,0
"66學年","私立","男",0,0,0,0,0,0,0,0,0,0
"66學年","私立","女",0,0,0,0,0,0,0,0,0,0
"67學年","總計","總計",23801,13020,10781,72839,14386,15298,43155,45241,25687,248
"67學年","總計","男",0,0,0,0,0,0,0,23521,0,0
"67學年","總計","女",0,0,0,0,0,0,0,21720,0,0
"67學年","國立","總計",6927,6927,0,1236,1236,0,0,52,0,0
"67學年","國立","男",0,0,0,0,0,0,0,0,0,0
"67學年","國立","女",0,0,0,0,0,0,0,0,0,0
"67學年","市立","總計",1073,0,1073,54113,9318,3497,41298,42898,0,248
"67學年","市立","男",0,0,0,0,0,0,0,0,0,0
"67學年","市立","女",0,0,0,0,0,0,0,0,0,0
"67學年","私立","總計",13353,6093,7260,17490,3832,11801,1857,2003,0,0
"67學年","私立","男",0,0,0,0,0,0,0,0,0,0
"67學年","私立","女",0,0,0,0,0,0,0,0,0,0
"68學年","總計","總計",24457,13473,10984,72020,12394,16506,43120,45109,26989,228
"68學年","總計","男",0,0,0,0,0,0,0,23560,0,0
"68學年","總計","女",0,0,0,0,0,0,0,21549,0,0
"68學年","國立","總計",7296,7296,0,186,186,0,0,70,41,0
"68學年","國立","男",0,0,0,0,0,0,0,0,0,0
"68學年","國立","女",0,0,0,0,0,0,0,0,0,0
"68學年","市立","總計",1448,0,1448,54201,9101,3763,41337,42749,1292,228
"68學年","市立","男",0,0,0,0,0,0,0,0,0,0
"68學年","市立","女",0,0,0,0,0,0,0,0,0,0
"68學年","私立","總計",13637,6177,7460,17633,3107,12743,1783,1999,25492,0
"68學年","私立","男",0,0,0,0,0,0,0,0,0,0
"68學年","私立","女",0,0,0,0,0,0,0,0,0,0
"69學年","總計","總計",24182,13246,10936,73386,13316,17347,42723,47031,27360,253
"69學年","總計","男",0,0,0,0,0,0,0,24271,0,0
"69學年","總計","女",0,0,0,0,0,0,0,22760,0,0
"69學年","國立","總計",9116,7165,1951,1322,1322,0,0,81,35,0
"69學年","國立","男",0,0,0,0,0,0,0,0,0,0
"69學年","國立","女",0,0,0,0,0,0,0,0,0,0
"69學年","市立","總計",1186,0,1186,54092,9092,4145,40855,44500,1268,253
"69學年","市立","男",0,0,0,0,0,0,0,0,0,0
"69學年","市立","女",0,0,0,0,0,0,0,0,0,0
"69學年","私立","總計",13511,6081,7430,17972,2902,13202,1868,2174,25978,0
"69學年","私立","男",0,0,0,0,0,0,0,0,0,0
"69學年","私立","女",0,0,0,0,0,0,0,0,0,0
"70學年","總計","總計",24662,13464,11198,74686,14019,19091,41576,47238,29324,205
"70學年","總計","男",0,0,0,0,0,0,0,24558,0,0
"70學年","總計","女",0,0,0,0,0,0,0,22680,0,0
"70學年","國立","總計",10007,7361,2646,1211,1211,0,0,79,0,0
"70學年","國立","男",0,0,0,0,0,0,0,0,0,0
"70學年","國立","女",0,0,0,0,0,0,0,0,0,0
"70學年","市立","總計",509,0,509,53964,9136,5153,39675,44860,0,205
"70學年","市立","男",0,0,0,0,0,0,0,0,0,0
"70學年","市立","女",0,0,0,0,0,0,0,0,0,0
"70學年","私立","總計",13736,6103,7633,19511,3672,13938,1901,2013,0,0
"70學年","私立","男",0,0,0,0,0,0,0,0,0,0
"70學年","私立","女",0,0,0,0,0,0,0,0,0,0
"71學年","總計","總計",26424,14343,12081,78048,14249,21435,42364,46506,27110,196
"71學年","總計","男",0,0,0,0,0,0,0,24227,0,0
"71學年","總計","女",0,0,0,0,0,0,0,22279,0,0
"71學年","國立","總計",10426,7720,2706,1404,1157,0,247,86,0,0
"71學年","國立","男",0,0,0,0,0,0,0,0,0,0
"71學年","國立","女",0,0,0,0,0,0,0,0,0,0
"71學年","市立","總計",724,0,724,55095,9713,5152,40230,44020,0,196
"71學年","市立","男",0,0,0,0,0,0,0,0,0,0
"71學年","市立","女",0,0,0,0,0,0,0,0,0,0
"71學年","私立","總計",14597,6623,7974,21549,3379,16283,1887,2119,0,0
"71學年","私立","男",0,0,0,0,0,0,0,0,0,0
"71學年","私立","女",0,0,0,0,0,0,0,0,0,0
"72學年","總計","總計",27074,14703,12371,80345,14084,22310,43951,45649,31170,241
"72學年","總計","男",0,0,0,0,0,0,0,23589,0,0
"72學年","總計","女",0,0,0,0,0,0,0,22060,0,0
"72學年","國立","總計",11303,8374,2929,1527,1259,0,268,79,128,0
"72學年","國立","男",0,0,0,0,0,0,0,0,0,0
"72學年","國立","女",0,0,0,0,0,0,0,0,0,0
"72學年","市立","總計",651,0,651,56533,9092,5508,41933,43236,1247,241
"72學年","市立","男",0,0,0,0,0,0,0,0,0,0
"72學年","市立","女",0,0,0,0,0,0,0,0,0,0
"72學年","私立","總計",14474,6329,8145,22285,3733,16802,1750,2047,29734,0
"72學年","私立","男",0,0,0,0,0,0,0,0,0,0
"72學年","私立","女",0,0,0,0,0,0,0,0,0,0
"73學年","總計","總計",27945,15093,12852,82850,14372,23550,44928,45527,30529,190
"73學年","總計","男",0,0,0,0,0,0,0,23637,0,0
"73學年","總計","女",0,0,0,0,0,0,0,21890,0,0
"73學年","國立","總計",11124,8157,2967,1564,1312,0,252,81,167,0
"73學年","國立","男",0,0,0,0,0,0,0,0,0,0
"73學年","國立","女",0,0,0,0,0,0,0,0,0,0
"73學年","市立","總計",780,0,780,58280,9303,6124,42853,43232,1118,190
"73學年","市立","男",0,0,0,0,0,0,0,0,0,0
"73學年","市立","女",0,0,0,0,0,0,0,0,0,0
"73學年","私立","總計",15236,6936,8300,23006,3757,17426,1823,1934,29184,0
"73學年","私立","男",0,0,0,0,0,0,0,0,0,0
"73學年","私立","女",0,0,0,0,0,0,0,0,0,0
"74學年","總計","總計",29386,15791,13595,83204,14705,23912,44587,45801,29920,199
"74學年","總計","男",0,0,0,0,0,0,0,23687,0,0
"74學年","總計","女",0,0,0,0,0,0,0,22114,0,0
"74學年","國立","總計",11491,8560,2931,1555,1309,0,246,72,157,0
"74學年","國立","男",0,0,0,0,0,0,0,0,0,0
"74學年","國立","女",0,0,0,0,0,0,0,0,0,0
"74學年","市立","總計",936,0,936,58094,9646,5921,42527,43557,1468,199
"74學年","市立","男",0,0,0,0,0,0,0,0,0,0
"74學年","市立","女",0,0,0,0,0,0,0,0,0,0
"74學年","私立","總計",15888,7231,8657,23555,3750,17991,1814,1894,28235,0
"74學年","私立","男",0,0,0,0,0,0,0,0,0,0
"74學年","私立","女",0,0,0,0,0,0,0,0,0,0
"75學年","總計","總計",29636,15829,13807,82506,14817,23683,44006,47179,28853,210
"75學年","總計","男",0,0,0,0,0,0,0,24278,0,0
"75學年","總計","女",0,0,0,0,0,0,0,22901,0,0
"75學年","國立","總計",11432,8575,2857,1621,1356,0,265,80,141,0
"75學年","國立","男",0,0,0,0,0,0,0,0,0,0
"75學年","國立","女",0,0,0,0,0,0,0,0,0,0
"75學年","市立","總計",929,0,929,56544,9566,5231,41747,44969,1526,210
"75學年","市立","男",0,0,0,0,0,0,0,0,0,0
"75學年","市立","女",0,0,0,0,0,0,0,0,0,0
"75學年","私立","總計",16177,7254,8923,24341,3895,18452,1994,1843,27126,0
"75學年","私立","男",0,0,0,0,0,0,0,0,0,0
"75學年","私立","女",0,0,0,0,0,0,0,0,0,0
"76學年","總計","總計",29772,16413,13359,85108,15572,25644,43892,50970,32394,188
"76學年","總計","男",0,0,0,0,0,0,0,26379,0,0
"76學年","總計","女",0,0,0,0,0,0,0,24591,0,0
"76學年","國立","總計",12014,9017,2997,1620,1344,0,276,77,117,0
"76學年","國立","男",0,0,0,0,0,0,0,0,0,0
"76學年","國立","女",0,0,0,0,0,0,0,0,0,0
"76學年","市立","總計",949,0,949,57643,9934,6062,41647,48661,7382,188
"76學年","市立","男",0,0,0,0,0,0,0,0,0,0
"76學年","市立","女",0,0,0,0,0,0,0,0,0,0
"76學年","私立","總計",15998,7396,8602,25845,4294,19582,1969,1940,24837,0
"76學年","私立","男",0,0,0,0,0,0,0,0,0,0
"76學年","私立","女",0,0,0,0,0,0,0,0,0,0
"77學年","總計","總計",30035,16862,13173,86790,16276,27008,43506,48172,31166,176
"77學年","總計","男",0,0,0,0,0,0,0,24787,0,0
"77學年","總計","女",0,0,0,0,0,0,0,23385,0,0
"77學年","國立","總計",12286,9371,2915,1611,1381,0,230,77,146,0
"77學年","國立","男",0,0,0,0,0,0,0,0,0,0
"77學年","國立","女",0,0,0,0,0,0,0,0,0,0
"77學年","市立","總計",656,0,656,58602,10151,6853,41598,45873,7477,176
"77學年","市立","男",0,0,0,0,0,0,0,0,0,0
"77學年","市立","女",0,0,0,0,0,0,0,0,0,0
"77學年","私立","總計",16629,7491,9138,26577,4744,20155,1678,1945,23483,0
"77學年","私立","男",0,0,0,0,0,0,0,0,0,0
"77學年","私立","女",0,0,0,0,0,0,0,0,0,0
"78學年","總計","總計",32204,18020,14184,85327,15984,25755,43588,47006,29185,187
"78學年","總計","男",0,0,0,0,0,0,0,24479,0,0
"78學年","總計","女",0,0,0,0,0,0,0,22527,0,0
"78學年","國立","總計",13510,10258,3252,1401,1128,0,273,80,136,0
"78學年","國立","男",0,0,0,0,0,0,0,0,0,0
"78學年","國立","女",0,0,0,0,0,0,0,0,0,0
"78學年","市立","總計",429,0,429,58833,10340,6827,41666,44777,7759,187
"78學年","市立","男",0,0,0,0,0,0,0,0,0,0
"78學年","市立","女",0,0,0,0,0,0,0,0,0,0
"78學年","私立","總計",17510,7762,9748,25093,4516,18928,1649,1874,21229,0
"78學年","私立","男",0,0,0,0,0,0,0,0,0,0
"78學年","私立","女",0,0,0,0,0,0,0,0,0,0
"79學年","總計","總計",35870,20140,15730,87091,16057,24648,46386,49190,27604,235
"79學年","總計","男",0,0,0,0,0,0,0,25349,0,0
"79學年","總計","女",0,0,0,0,0,0,0,23841,0,0
"79學年","國立","總計",14813,11125,3688,1558,1290,0,268,353,206,0
"79學年","國立","男",0,0,0,0,0,0,0,0,0,0
"79學年","國立","女",0,0,0,0,0,0,0,0,0,0
"79學年","市立","總計",1071,653,418,61606,10188,6960,44458,46945,8974,235
"79學年","市立","男",0,0,0,0,0,0,0,0,0,0
"79學年","市立","女",0,0,0,0,0,0,0,0,0,0
"79學年","私立","總計",19986,8362,11624,23927,4579,17688,1660,1892,18424,0
"79學年","私立","男",0,0,0,0,0,0,0,0,0,0
"79學年","私立","女",0,0,0,0,0,0,0,0,0,0
"80學年","總計","總計",38342,21888,16454,86224,16272,25264,44688,49157,24519,365
"80學年","總計","男",0,0,0,0,0,0,0,25556,0,0
"80學年","總計","女",0,0,0,0,0,0,0,23601,0,0
"80學年","國立","總計",15678,11825,3853,1628,1357,0,271,361,108,0
"80學年","國立","男",0,0,0,0,0,0,0,0,0,0
"80學年","國立","女",0,0,0,0,0,0,0,0,0,0
"80學年","市立","總計",980,736,244,60228,10406,7046,42776,45837,9290,365
"80學年","市立","男",0,0,0,0,0,0,0,0,0,0
"80學年","市立","女",0,0,0,0,0,0,0,0,0,0
"80學年","私立","總計",21684,9327,12357,24368,4509,18218,1641,2959,15121,0
"80學年","私立","男",0,0,0,0,0,0,0,0,0,0
"80學年","私立","女",0,0,0,0,0,0,0,0,0,0
"81學年","總計","總計",39596,23584,16012,87237,16523,25991,44723,44861,23041,361
"81學年","總計","男",0,0,0,0,0,0,0,23265,0,0
"81學年","總計","女",0,0,0,0,0,0,0,21596,0,0
"81學年","國立","總計",17170,13115,4055,1429,1185,0,244,336,98,0
"81學年","國立","男",0,0,0,0,0,0,0,0,0,0
"81學年","國立","女",0,0,0,0,0,0,0,0,0,0
"81學年","市立","總計",1004,822,182,60584,10677,7148,42759,42684,9177,361
"81學年","市立","男",0,0,0,0,0,0,0,0,0,0
"81學年","市立","女",0,0,0,0,0,0,0,0,0,0
"81學年","私立","總計",21422,9647,11775,25224,4661,18843,1720,1841,13766,0
"81學年","私立","男",0,0,0,0,0,0,0,0,0,0
"81學年","私立","女",0,0,0,0,0,0,0,0,0,0
"82學年","總計","總計",40678,25634,15044,91843,18547,26573,46723,46633,22638,391
"82學年","總計","男",0,0,0,0,0,0,0,24336,0,0
"82學年","總計","女",0,0,0,0,0,0,0,22297,0,0
"82學年","國立","總計",18114,13720,4394,1513,1238,0,275,340,115,0
"82學年","國立","男",0,0,0,0,0,0,0,0,0,0
"82學年","國立","女",0,0,0,0,0,0,0,0,0,0
"82學年","市立","總計",1156,963,193,63594,11788,7078,44728,44447,9231,391
"82學年","市立","男",0,0,0,0,0,0,0,0,0,0
"82學年","市立","女",0,0,0,0,0,0,0,0,0,0
"82學年","私立","總計",21408,10951,10457,26736,5521,19495,1720,1846,13292,0
"82學年","私立","男",0,0,0,0,0,0,0,0,0,0
"82學年","私立","女",0,0,0,0,0,0,0,0,0,0
"83學年","總計","總計",42388,28361,14027,91044,18483,26730,45831,44725,22350,423
"83學年","總計","男",0,0,0,0,0,0,0,23274,0,0
"83學年","總計","女",0,0,0,0,0,0,0,21451,0,0
"83學年","國立","總計",18823,14265,4558,1633,1332,0,301,332,97,0
"83學年","國立","男",0,0,0,0,0,0,0,0,0,0
"83學年","國立","女",0,0,0,0,0,0,0,0,0,0
"83學年","市立","總計",1356,1186,170,62970,11570,7596,43804,42491,9302,423
"83學年","市立","男",0,0,0,0,0,0,0,0,0,0
"83學年","市立","女",0,0,0,0,0,0,0,0,0,0
"83學年","私立","總計",22209,12910,9299,26441,5581,19134,1726,1902,12951,0
"83學年","私立","男",0,0,0,0,0,0,0,0,0,0
"83學年","私立","女",0,0,0,0,0,0,0,0,0,0
"84學年","總計","總計",42477,29650,12827,86471,19131,25308,42032,41266,21818,359
"84學年","總計","男",0,0,0,0,0,0,0,21402,0,0
"84學年","總計","女",0,0,0,0,0,0,0,19864,0,0
"84學年","國立","總計",18216,14779,3437,1443,1186,0,257,323,102,0
"84學年","國立","男",0,0,0,0,0,0,0,0,0,0
"84學年","國立","女",0,0,0,0,0,0,0,0,0,0
"84學年","市立","總計",1277,1078,199,59340,12063,7551,39726,39128,9254,359
"84學年","市立","男",0,0,0,0,0,0,0,0,0,0
"84學年","市立","女",0,0,0,0,0,0,0,0,0,0
"84學年","私立","總計",22984,13793,9191,25688,5882,17757,2049,1815,12462,0
"84學年","私立","男",0,0,0,0,0,0,0,0,0,0
"84學年","私立","女",0,0,0,0,0,0,0,0,0,0
"85學年","總計","總計",42957,30863,12094,88325,19353,25450,43522,39519,20726,356
"85學年","總計","男",0,0,0,0,0,0,0,20428,0,0
"85學年","總計","女",0,0,0,0,0,0,0,19091,0,0
"85學年","國立","總計",17291,15107,2184,1397,1136,0,261,314,105,0
"85學年","國立","男",0,0,0,0,0,0,0,0,0,0
"85學年","國立","女",0,0,0,0,0,0,0,0,0,0
"85學年","市立","總計",1019,800,219,60360,12182,7298,40880,37345,9540,356
"85學年","市立","男",0,0,0,0,0,0,0,0,0,0
"85學年","市立","女",0,0,0,0,0,0,0,0,0,0
"85學年","私立","總計",24647,14956,9691,26568,6035,18152,2381,1860,11081,0
"85學年","私立","男",0,0,0,0,0,0,0,0,0,0
"85學年","私立","女",0,0,0,0,0,0,0,0,0,0
"86學年","總計","總計",46444,34097,12347,86734,19930,25022,41782,34372,19895,382
"86學年","總計","男",0,0,0,0,0,0,0,17896,0,0
"86學年","總計","女",0,0,0,0,0,0,0,16476,0,0
"86學年","國立","總計",19863,17802,2061,1339,1096,0,243,310,102,0
"86學年","國立","男",0,0,0,0,0,0,0,0,0,0
"86學年","國立","女",0,0,0,0,0,0,0,0,0,0
"86學年","市立","總計",1125,929,196,58814,12964,6960,38890,32293,9681,382
"86學年","市立","男",0,0,0,0,0,0,0,0,0,0
"86學年","市立","女",0,0,0,0,0,0,0,0,0,0
"86學年","私立","總計",25456,15366,10090,26581,5870,18062,2649,1769,10112,0
"86學年","私立","男",0,0,0,0,0,0,0,0,0,0
"86學年","私立","女",0,0,0,0,0,0,0,0,0,0
"87學年","總計","總計",46389,33257,13132,84478,20910,24188,39380,33341,19863,332
"87學年","總計","男",0,0,0,0,0,0,0,17457,0,0
"87學年","總計","女",0,0,0,0,0,0,0,15884,0,0
"87學年","國立","總計",18598,16616,1982,1259,1016,0,243,291,99,0
"87學年","國立","男",0,0,0,0,0,0,0,0,0,0
"87學年","國立","女",0,0,0,0,0,0,0,0,0,0
"87學年","市立","總計",806,711,95,56940,14014,6701,36225,31406,9719,332
"87學年","市立","男",0,0,0,0,0,0,0,0,0,0
"87學年","市立","女",0,0,0,0,0,0,0,0,0,0
"87學年","私立","總計",26985,15930,11055,26279,5880,17487,2912,1644,10045,0
"87學年","私立","男",0,0,0,0,0,0,0,0,0,0
"87學年","私立","女",0,0,0,0,0,0,0,0,0,0
"88學年","總計","總計",49643,35993,13650,83739,22903,22879,37957,34002,19954,312
"88學年","總計","男",0,0,0,0,0,0,0,17706,0,0
"88學年","總計","女",0,0,0,0,0,0,0,16296,0,0
"88學年","國立","總計",19414,17352,2062,1363,1123,0,240,278,100,0
"88學年","國立","男",0,0,0,0,0,0,0,0,0,0
"88學年","國立","女",0,0,0,0,0,0,0,0,0,0
"88學年","市立","總計",1221,1105,116,56101,14910,6630,34561,32086,9626,312
"88學年","市立","男",0,0,0,0,0,0,0,0,0,0
"88學年","市立","女",0,0,0,0,0,0,0,0,0,0
"88學年","私立","總計",29008,17536,11472,26275,6870,16249,3156,1638,10228,0
"88學年","私立","男",0,0,0,0,0,0,0,0,0,0
"88學年","私立","女",0,0,0,0,0,0,0,0,0,0
"89學年","總計","總計",53390,39137,14253,78345,23309,21441,33595,34230,19431,345
"89學年","總計","男",24128,18329,5799,38875,11200,10376,17299,18088,10214,218
"89學年","總計","女",29262,20808,8454,39470,12109,11065,16296,16142,9217,127
"89學年","國立","總計",20722,18680,2042,1307,1063,0,244,272,108,0
"89學年","國立","男",0,0,0,946,837,0,109,139,56,0
"89學年","國立","女",0,0,0,361,226,0,135,133,52,0
"89學年","市立","總計",1299,1207,92,52141,15309,6528,30304,32329,9040,345
"89學年","市立","男",0,0,0,26785,7149,4048,15588,17025,4689,218
"89學年","市立","女",0,0,0,25356,8160,2480,14716,15304,4351,127
"89學年","私立","總計",31369,19250,12119,24897,6937,14913,3047,1629,10283,0
"89學年","私立","男",0,0,0,11144,3214,6328,1602,924,5469,0
"89學年","私立","女",0,0,0,13753,3723,8585,1445,705,4814,0
"90學年","總計","總計",58192,43615,14577,76328,24165,19544,32619,34620,18702,288
"90學年","總計","男",26348,20758,5590,38208,11772,9457,16979,18314,9757,174
"90學年","總計","女",31844,22857,8987,38120,12393,10087,15640,16306,8945,114
"90學年","國立","總計",21936,19937,1999,1320,1089,0,231,274,95,0
"90學年","國立","男",11509,0,0,886,769,0,117,132,49,0
"90學年","國立","女",10427,0,0,434,320,0,114,142,46,0
"90學年","市立","總計",1371,1297,74,51942,16442,6050,29450,32742,9162,288
"90學年","市立","男",562,0,0,26921,7933,3680,15308,17261,4653,174
"90學年","市立","女",809,0,0,25021,8509,2370,14142,15481,4509,114
"90學年","私立","總計",34885,22381,12504,23066,6634,13494,2938,1604,9445,0
"90學年","私立","男",14277,0,0,10401,3070,5777,1554,921,5055,0
"90學年","私立","女",20608,0,0,12665,3564,7717,1384,683,4390,0
"91學年","總計","總計",62901,47563,15338,75017,24761,17117,33139,33012,17300,355
"91學年","總計","男",28428,22429,5999,37470,11957,8370,17143,17630,9051,207
"91學年","總計","女",34473,25134,9339,37547,12804,8747,15996,15382,8249,148
"91學年","國立","總計",21870,20507,1363,1319,1086,0,233,276,100,0
"91學年","國立","男",11483,11164,319,872,767,0,105,151,57,0
"91學年","國立","女",10387,9343,1044,447,319,0,128,125,43,0
"91學年","市立","總計",1459,1459,0,52307,16348,5828,30131,31179,8534,355
"91學年","市立","男",560,560,0,26641,7794,3250,15597,16622,4340,207
"91學年","市立","女",899,899,0,25666,8554,2578,14534,14557,4194,148
"91學年","私立","總計",39572,25597,13975,21391,7327,11289,2775,1557,8666,0
"91學年","私立","男",16385,10705,5680,9957,3396,5120,1441,857,4654,0
"91學年","私立","女",23187,14892,8295,11434,3931,6169,1334,700,4012,0
"92學年","總計","總計",63209,49796,13413,70360,22858,13875,33627,32210,15610,302
"92學年","總計","男",28769,23349,5420,35422,10685,7084,17653,17008,8130,183
"92學年","總計","女",34440,26447,7993,34938,12173,6791,15974,15202,7480,119
"92學年","國立","總計",23502,22153,1349,1311,1077,0,234,279,158,0
"92學年","國立","男",12236,11932,304,886,767,0,119,152,80,0
"92學年","國立","女",11266,10221,1045,425,310,0,115,127,78,0
"92學年","市立","總計",1586,1586,0,51580,15797,5161,30622,30383,8128,302
"92學年","市立","男",622,622,0,26873,7506,3257,16110,15999,4159,183
"92學年","市立","女",964,964,0,24707,8291,1904,14512,14384,3969,119
"92學年","私立","總計",38121,26057,12064,17469,5984,8714,2771,1548,7324,0
"92學年","私立","男",15911,10795,5116,7663,2412,3827,1424,857,3891,0
"92學年","私立","女",22210,15262,6948,9806,3572,4887,1347,691,3433,0
"93學年","總計","總計",64599,51914,12685,70778,24034,12614,34130,32514,15924,279
"93學年","總計","男",29966,24707,5259,36246,11481,6867,17898,17015,8313,152
"93學年","總計","女",34633,27207,7426,34532,12553,5747,16232,15499,7611,127
"93學年","國立","總計",24417,23124,1293,1300,1071,0,229,271,124,0
"93學年","國立","男",13086,12783,303,863,738,0,125,146,68,0
"93學年","國立","女",11331,10341,990,437,333,0,104,125,56,0
"93學年","市立","總計",1313,1313,0,53224,17089,5055,31080,30697,7980,279
"93學年","市立","男",470,470,0,27743,8192,3274,16277,16038,4065,152
"93學年","市立","女",843,843,0,25481,8897,1781,14803,14659,3915,127
"93學年","私立","總計",38869,27477,11392,16254,5874,7559,2821,1546,7820,0
"93學年","私立","男",16410,11454,4956,7640,2551,3593,1496,831,4180,0
"93學年","私立","女",22459,16023,6436,8614,3323,3966,1325,715,3640,0
"94學年","總計","總計",64599,51914,12685,69838,24952,12053,32833,32390,14863,303
"94學年","總計","男",28258,24707,5259,35378,11687,6346,17345,17056,7849,180
"94學年","總計","女",32914,27207,7426,34460,13265,5707,15488,15334,7014,123
"94學年","國立","總計",24041,22986,1055,1438,1044,76,318,370,104,0
"94學年","國立","男",12849,12603,246,878,708,17,153,162,53,0
"94學年","國立","女",11192,10383,809,560,336,59,165,208,51,0
"94學年","市立","總計",1337,1337,0,51280,16865,4734,29681,30386,7704,303
"94學年","市立","男",469,469,0,26776,8076,2985,15715,15990,3986,180
"94學年","市立","女",868,868,0,24504,8789,1749,13966,14396,3718,123
"94學年","私立","總計",35794,28513,7281,17120,7043,7243,2834,1634,7055,0
"94學年","私立","男",14940,12047,2893,7724,2903,3344,1477,904,3810,0
"94學年","私立","女",20854,16466,4388,9396,4140,3899,1357,730,3245,0
"95學年","總計","總計",61230,54488,6742,70960,25402,13187,32371,32335,14319,296
"95學年","總計","男",28560,26046,2514,35993,11959,7096,16938,16929,7393,183
"95學年","總計","女",32670,28442,4228,34967,13443,6091,15433,15406,6926,113
"95學年","國立","總計",24612,23700,912,1494,1036,112,346,375,101,0
"95學年","國立","男",13231,13045,186,870,678,35,157,175,60,0
"95學年","國立","女",11381,10655,726,624,358,77,189,200,41,0
"95學年","市立","總計",1344,1344,0,50524,16661,4751,29112,30392,7518,296
"95學年","市立","男",444,444,0,26469,8076,3053,15340,15862,3864,183
"95學年","市立","女",900,900,0,24055,8585,1698,13772,14530,3654,113
"95學年","私立","總計",35274,29444,5830,18942,7705,8324,2913,1568,6700,0
"95學年","私立","男",14885,12557,2328,8654,3205,4008,1441,892,3469,0
"95學年","私立","女",20389,16887,3502,10288,4500,4316,1472,676,3231,0
"96學年","總計","總計",61468,56118,5350,72183,25613,13816,32754,32232,12828,324
"96學年","總計","男",28521,26505,2016,36742,12396,7349,16997,16713,6662,179
"96學年","總計","女",32947,29613,3334,35441,13217,6467,15757,15519,6166,145
"96學年","國立","總計",25778,24876,902,1884,1251,126,507,364,102,0
"96學年","國立","男",13533,13358,175,1155,880,32,243,172,54,0
"96學年","國立","女",12245,11518,727,729,371,94,264,192,48,0
"96學年","市立","總計",1319,1319,0,51013,16624,5002,29387,30238,7024,324
"96學年","市立","男",432,432,0,26864,8277,3234,15353,15618,3554,179
"96學年","市立","女",887,887,0,24149,8347,1768,14034,14620,3470,145
"96學年","私立","總計",34371,29923,4448,19286,7738,8688,2860,1630,5702,0
"96學年","私立","男",14556,12715,1841,8723,3239,4083,1401,923,3054,0
"96學年","私立","女",19815,17208,2607,10563,4499,4605,1459,707,2648,0
"97學年","總計","總計",61295,57407,3888,71545,25271,13686,32588,31400,12595,333
"97學年","總計","男",28165,26776,1389,19745,12477,7449,17041,16248,6593,211
"97學年","總計","女",33130,30631,2499,19684,12794,6237,15547,15152,6002,122
"97學年","國立","總計",26289,25462,827,1869,1264,107,498,315,104,0
"97學年","國立","男",13638,13502,136,912,882,32,236,162,54,0
"97學年","國立","女",12651,11960,691,465,382,75,262,153,50,0
"97學年","市立","總計",1528,1528,0,50738,16662,4987,29089,29452,7222,333
"97學年","市立","男",547,547,0,11511,8496,3293,15288,15198,3727,211
"97學年","市立","女",981,981,0,10115,8166,1694,13801,14254,3495,122
"97學年","私立","總計",33478,30417,3061,18938,7345,8592,3001,1633,5269,0
"97學年","私立","男",13980,12727,1253,7322,3099,4124,1517,888,2812,0
"97學年","私立","女",19498,17690,1808,9104,4246,4468,1484,745,2457,0
"98學年","總計","總計",59879,56573,3306,70968,24596,13656,32716,29098,11942,297
"98學年","總計","男",27908,26896,1012,0,11962,7453,17005,15317,6312,176
"98學年","總計","女",31971,29677,2294,0,12634,6203,15711,13781,5630,121
"98學年","國立","總計",26365,25530,835,1927,1279,129,519,318,96,0
"98學年","國立","男",13619,13465,154,0,859,36,232,158,52,0
"98學年","國立","女",12746,12065,681,0,420,93,287,160,44,0
"98學年","市立","總計",1570,1570,0,50896,16792,5123,28981,27118,6929,297
"98學年","市立","男",600,600,0,0,8396,3390,15124,14249,3627,176
"98學年","市立","女",970,970,0,0,8396,1733,13857,12869,3302,121
"98學年","私立","總計",31944,29473,2471,18145,6525,8404,3216,1662,4917,0
"98學年","私立","男",13689,12831,858,0,2707,4027,1649,910,2633,0
"98學年","私立","女",18255,16642,1613,0,3818,4377,1567,752,2284,0
"99學年","總計","總計",60839,58147,2692,71198,24310,14027,32861,27151,11933,302
"99學年","總計","男",28261,27529,732,36535,11796,7705,17034,14269,6265,188
"99學年","總計","女",32578,30618,1960,34663,12514,6322,15827,12882,5668,114
"99學年","國立","總計",27033,26451,582,1965,1312,134,519,315,101,0
"99學年","國立","男",13977,13873,104,1174,899,44,231,164,54,0
"99學年","國立","女",13056,12578,478,791,413,90,288,151,47,0
"99學年","市立","總計",1662,1662,0,50709,16590,5115,29004,25173,7182,302
"99學年","市立","男",674,674,0,26730,8245,3410,15075,13190,3754,188
"99學年","市立","女",988,988,0,23979,8345,1705,13929,11983,3428,114
"99學年","私立","總計",32144,30034,2110,18524,6408,8778,3338,1663,4650,0
"99學年","私立","男",13610,12982,628,8631,2652,4251,1728,915,2457,0
"99學年","私立","女",18534,17052,1482,9893,3756,4527,1610,748,2193,0
"100學年","總計","總計",62466,59831,2635,69798,24008,14026,31764,27974,0,327
"100學年","總計","男",28728,28036,692,35742,11637,7680,16425,14652,0,220
"100學年","總計","女",33738,31795,1943,34056,12371,6346,15339,13322,0,107
"100學年","國立","總計",27084,26619,465,1888,1258,148,482,300,0,0
"100學年","國立","男",13776,13685,91,1146,868,42,236,147,0,0
"100學年","國立","女",13308,12934,374,742,390,106,246,153,0,0
"100學年","市立","總計",1682,1682,0,49623,16519,5106,27998,25901,0,327
"100學年","市立","男",562,562,0,26333,8321,3491,14521,13565,0,220
"100學年","市立","女",1120,1120,0,23290,8198,1615,13477,12336,0,107
"100學年","私立","總計",33700,31530,2170,18287,6231,8772,3284,1773,0,0
"100學年","私立","男",14390,13789,601,8263,2448,4147,1668,940,0,0
"100學年","私立","女",19310,17741,1569,10024,3783,4625,1616,833,0,0
"101學年","總計","總計",62057,59460,2597,67512,23866,14031,29615,26491,0,311
"101學年","總計","男",29544,28778,766,0,11646,7458,15437,13741,0,179
"101學年","總計","女",32513,30682,1831,0,12220,6573,14178,12750,0,132
"101學年","國立","總計",27475,27041,434,1900,1256,173,471,287,0,0
"101學年","國立","男",14162,14077,85,0,865,55,214,150,0,0
"101學年","國立","女",13313,12964,349,0,391,118,257,137,0,0
"101學年","市立","總計",1635,1635,0,47370,16516,5131,25723,24419,0,311
"101學年","市立","男",1065,1065,0,0,8404,3480,13444,12657,0,179
"101學年","市立","女",570,570,0,0,8112,1651,12279,11762,0,132
"101學年","私立","總計",32947,30784,2163,18242,6094,8727,3421,1785,0,0
"101學年","私立","男",14317,13636,681,0,2377,3923,1779,934,0,0
"101學年","私立","女",18630,17148,1482,0,3717,4804,1642,851,0,0
"102學年","總計","總計",62746,60220,2526,66416,24185,14405,27826,22956,0,281
"102學年","總計","男",29002,28287,715,33719,11607,7570,14542,12048,0,176
"102學年","總計","女",33744,31933,1811,32697,12578,6835,13284,10908,0,105
"102學年","國立","總計",27740,27302,438,1815,1204,151,460,267,0,0
"102學年","國立","男",14111,14023,88,1000,745,42,213,145,0,0
"102學年","國立","女",13629,13279,350,815,459,109,247,122,0,0
"102學年","市立","總計",1568,1568,0,46069,17158,4934,23977,20934,0,281
"102學年","市立","男",613,613,0,24427,8479,3333,12615,10956,0,176
"102學年","市立","女",955,955,0,21642,8679,1601,11362,9978,0,105
"102學年","私立","總計",33438,31350,2088,18532,5823,9320,3389,1755,0,0
"102學年","私立","男",14278,13651,627,8292,2383,4195,1714,947,0,0
"102學年","私立","女",19160,17699,1461,10240,3440,5125,1675,808,0,0

